Red,Green,Blue
65.33265986689801,110.68172948013105,6.028163580246913e-07
