Red,Green,Blue
123.15243043499201,130.19852997202966,95.2485196035875
