Red,Green,Blue
48.08086636766955,81.70694926697571,0.0
