ASM 0,ASM 45,ASM 90,ASM 135,Contrast 0,Contrast 45,Contrast 90,Contrast 135,Correlation 0,Correlation 45,Correlation 90,Correlation 135,IDM 0,IDM 45,IDM 90,IDM 135,Entropy 0,Entropy 45,Entropy 90,Entropy 135
0.02606,0.02482,0.02623,0.02482,0.05052,0.08953,0.04712,0.08889,0.99988,0.99979,0.99989,0.99979,0.97908,0.96378,0.98063,0.96392,0.11139,0.12497,0.10695,0.12786
